AA_seq,CloneFreq,prob,high
CASSRGVGGGSYEQYF,0.074141,0.0366410538554191,False
CASRSIWGGDKNIQYF,0.030741,0.4605432748794555,False
CASSLALTSGSSSYNEQFF,0.027125,0.1165783554315567,False
CASSLRAGQFTGELFF,0.025316,0.9716598987579346,True
CASSLAGGQVNQETQYF,0.01085,0.9879213571548462,True
CASSQFRHPISPLHF,0.01085,0.9998817443847656,True
CASGARGTNLAKNIQYF,0.01085,0.9641507267951964,True
CASSIPGIYEQYF,0.01085,0.3400807380676269,False
CASSLLAGFGGANVLTF,0.01085,0.0265170745551586,False
CTPELKKYNKKKKKRDQGRAQWLMPIIPALW,0.009042,0.3154048919677734,False
CATGGLGVRNEQFF,0.009042,0.0265161134302616,False
CASSLAAGGQADTQYF,0.009042,0.1881414800882339,False
CASSSGGGGEETQYF,0.007233,0.12477608025074,False
CAIRERGLQADTQYF,0.007233,0.5085369348526001,False
CASSLVVYSNQPQHF,0.007233,0.226480558514595,False
CASSLGTAYDEQYF,0.007233,0.8424046039581299,True
CASSPRTGEETDTQYF,0.007233,0.9999164342880248,True
CASSRGTGEGNIQYF,0.007233,0.5555394291877747,False
CSVEDGLAGAYEQYF,0.007233,0.2192525565624237,False
CASSVVVGGAYNEQFF,0.007233,0.9174609780311584,True
CASSVGVANRVGETQYF,0.007233,0.1805540174245834,False
CASSTQIGREQYF,0.007233,0.955305814743042,True
CASRGGGVTEAFF,0.007233,0.9715007543563844,True
CASSSLTSGSYEQYF,0.007233,0.99998939037323,True
CASSLGQGGSYNEQFF,0.007233,0.2350695729255676,False
CASSYPGRRYEQYF,0.007233,0.6240491271018982,True
CSAKSGGRSYEQYF,0.007233,0.9604867696762084,True
CASSHYGGAGYEQYF,0.007233,0.9968511462211608,True
CASSFPLTGGPTDTQYF,0.007233,0.8519191741943359,True
CASSPKGLYEQYF,0.007233,0.11988066136837,False
CASSSWDRSRYEQYF,0.007233,0.1625881493091583,False
CASGFSGRIDEQFF,0.007233,0.149480402469635,False
CSARIGQYSNQPQHF,0.007233,0.1944959461688995,False
CASSLRWVQRPYGYTF,0.007233,0.8481726050376892,True
CASSQGQAYEQYF,0.007233,0.999098539352417,True
CASSPDGHSNQPQHF,0.007233,0.3240642249584198,False
CASSPGGFPYEQYF,0.005425,0.8306763172149658,True
CASSPRGGETQYF,0.005425,0.0915644690394401,False
CASSGGTDLAKNIQYF,0.005425,0.5517387390136719,False
CASSLAGTVYYEQYF,0.005425,0.1426591575145721,False
CASSGTSRLTGELFF,0.005425,0.3286606073379516,False
CNIVGTGATDTQYF,0.005425,0.0824825912714004,False
CSASLEDHSGNTIYF,0.005425,0.9291554689407348,True
CASSQDPSGRVTDTQYF,0.005425,0.6243954300880432,True
CSAGGLAGIETQYF,0.005425,0.7976455092430115,True
CSVTLPLAKNIQYF,0.005425,0.9274568557739258,True
CASSPGLAGETQYF,0.005425,0.4806583821773529,False
CNIVGRTPYNEQFF,0.003617,0.9924607872962952,True
CASSQDWGSGETQETQYF,0.003617,0.1100070402026176,False
CASRIHRDRQNIQYF,0.003617,0.2805251479148865,False
CASSLVSWGVVEAFF,0.003617,0.1288354992866516,False
CASSLMNTEAFF,0.003617,0.9974685907363892,True
CASTPGDTQYF,0.003617,0.2517037689685821,False
CASSEVGPDPTDTQYF,0.003617,0.2965798377990722,False
CSARKAYLATGELFF,0.003617,0.1955725401639938,False
CASSRDGYEQYF,0.003617,0.3899165391921997,False
CASSGVGVTDTQYF,0.003617,0.8798360228538513,True
CASSLPGQGLLLGQPQHF,0.003617,0.5781785249710083,False
CASSIDSGRVTGELFF,0.003617,0.9969912767410278,True
CAWSPTGGRGYGYTF,0.003617,0.6895347237586975,True
CASSQGSQGVYQPQHF,0.003617,0.9301829934120178,True
CSVVRDGNTGELFF,0.003617,0.9704115390777588,True
CASSFGRSYNEQFF,0.003617,0.7938557863235474,True
CASGEGGETQYF,0.003617,0.0431592762470245,False
CASGFRDRGSNQPQHF,0.003617,0.6929775476455688,True
CASSHLAGAGNEQFF,0.003617,0.9921947717666626,True
CASTEGNYEQYF,0.003617,0.7496236562728882,True
CATSRDLAGSYNEQFF,0.003617,0.5973550081253052,False
CASTAGRLNTEAFF,0.003617,0.9291173219680786,True
CASSLNTPTDTQYF,0.003617,0.9844983220100404,True
CASSLSGGYGYTF,0.003617,0.9865598678588868,True
CASSDAYEQYF,0.003617,0.2381223440170288,False
CASSSGELRGNEQFF,0.003617,0.8999744653701782,True
CSARGTSDFGYEQYF,0.003617,0.8419034481048584,True
CSARDQGAKNIQYF,0.003617,0.4304152131080627,False
CASSLARGQGADSPLHF,0.003617,0.0817802473902702,False
CAITGGQEGNTGELFF,0.003617,0.3040508031845093,False
CASSVGTGLPDTQYF,0.003617,0.9977704286575316,True
CASSYVGGIQPQHF,0.003617,0.6384832859039307,True
CAWSVRGYVRTEAFF,0.003617,0.9660246968269348,True
CASSQEGWKQPQHF,0.003617,0.9404336810112,True
CASSTDRETWNTEAFF,0.003617,0.021733921021223,False
CASSSHGLRVEVTEAFF,0.003617,0.9986833930015564,True
CASSPGTGFNQPQHF,0.003617,0.0052162045612931,False
CNIVGTGATYEQYF,0.003617,0.919030785560608,True
CASSSPTSGRAYEQYF,0.003617,0.0217463765293359,False
CASSPRLDTQYF,0.003617,0.7378165125846863,True
CSARDISYYSYEQYF,0.003617,0.9140324592590332,True
CASSLGLAGGPYEQYF,0.003617,0.8051181435585022,True
CSARADGIVYGYTF,0.003617,0.1222776100039482,False
CSVEAPEETQYF,0.003617,0.1620728522539138,False
CASRDRETSPLHF,0.003617,0.9620582461357116,True
CSAGGLAGFSYEQYF,0.003617,0.9437398314476012,True
CASSQVGGGRGVQYF,0.003617,0.3788744211196899,False
CATSRDPGVSYEQYF,0.003617,0.051738366484642,False
CASSYDIRAYNEQFF,0.003617,0.0094410507008433,False
CASSLALRTSGSGETQYF,0.003617,0.0311454683542251,False
CASSLNSGANVLTF,0.003617,0.9999991655349731,True
CASSPGPSRKGYNEQFF,0.003617,0.1150351017713546,False
CASSSGLMSTEAFF,0.003617,0.1658673584461212,False
CASSYRAGGRLGNQPQHF,0.003617,0.1093899682164192,False
CASSPVLGEQYF,0.003617,0.8289629220962524,True
CASSFSGKGYEQYF,0.003617,0.0214076768606901,False
CASSVGGGVDEQYF,0.003617,0.9095065593719482,True
CAWSVQRLGYEQYF,0.003617,0.0122877061367034,False
CASSQDPSGDPYEQYF,0.003617,0.1444056332111358,False
CAWTGLAVYNEQFF,0.003617,0.8343085646629333,True
CASSLGTGRSGNTIYF,0.003617,0.5078771114349365,False
CASSFRAFSYEQYF,0.003617,0.0870170518755912,False
CASSLLYNEQFF,0.003617,0.1534426659345626,False
CSAQPGLAGGPDEQFF,0.003617,0.8404122591018677,True
CASSLLSSGLAKNIQYF,0.003617,0.4622325897216797,False
CATFTFRTDTQYF,0.003617,0.7252893447875977,True
CAISFSGTSGFDEQFF,0.003617,0.4862571060657501,False
CASSLGKKTRTVEGTQYF,0.003617,0.9882031083106996,True
CASSLAASQETQYF,0.003617,0.4254651963710785,False
CNIVGTGALNEQFF,0.003617,0.0034693088382482,False
CAIRTGTYEQYF,0.003617,0.7846275568008423,True
CASSYGQGVYEQYF,0.003617,0.2826666831970215,False
CAISESQGGYNSPLHF,0.003617,0.9994051456451416,True
CAISPGYEQYF,0.003617,0.144484743475914,False
CASSQGSGGDTQYF,0.003617,0.2018466740846634,False
CASSLGRGPDYGYTF,0.003617,0.9993236064910888,True
CASSSPPTSGRFPYLPNEQFF,0.003617,0.1911970973014831,False
CASSQDRRPETQYF,0.003617,0.5941993594169617,False
CASHTPGRTDTQYF,0.003617,0.5173439979553223,False
CATSEHRLAGGLYNEQFF,0.003617,0.4816164374351501,False
CASSPTGGIQYF,0.003617,0.985310435295105,True
CASRPRQSSNYGYTF,0.003617,0.5620813965797424,False
CASSLGEMSYEQYF,0.003617,0.4822586178779602,False
CASSQDQGRGYTF,0.003617,0.3482367694377899,False
CASSQAAGYEQYF,0.003617,0.6840600371360779,True
CATHQRGTETQYF,0.003617,0.9826263189315796,True
CAISDQGPDTQYF,0.003617,0.8494085669517517,True
CNIVGTGNMNTEAFF,0.003617,0.9916342496871948,True
CASSYSRGRNAYEQYF,0.003617,0.05717334151268,False
CSVESDRGRLNYGYTF,0.003617,0.8960005640983582,True
CATITGTGLNYGYTF,0.003617,0.0643448084592819,False
CASSQAGGNNQPQHF,0.003617,0.2406403720378875,False
CAISYPGLKGYEQYF,0.003617,0.8285484910011292,True
CASSQAGDTQYF,0.003617,0.0690158456563949,False
CASSFQGGGNTIYF,0.003617,0.9509402513504028,True
CAWMGPRETQYF,0.003617,0.7431890964508057,True
CASSYDIRAYTEQFF,0.003617,0.1168634593486785,False
CAWRDRGRRNQPQHF,0.003617,0.9769326448440552,True
CASSSGTSGPYEQYF,0.003617,0.6093525886535645,True
CASSFVGWTYEQYF,0.003617,0.1210462227463722,False
CNIVGTEETQYF,0.003617,0.6216168999671936,True
CASIPLEGRHNEQFF,0.003617,0.7709270119667053,True
CASSLLPPRTGNTEAFF,0.003617,0.0160009767860174,False
CASSRGTVAGNTIYF,0.003617,0.1480417549610138,False
CASKVGRAGSTDTQYF,0.003617,0.7972916960716248,True
CASSSRAGEITDTQYF,0.003617,0.0185318365693092,False
CASSPLAGGEQYF,0.003617,0.961157202720642,True
CASSPRTAGEQYF,0.003617,0.2133662849664688,False
CNIVGTVSSYNEQFF,0.003617,0.6089974045753479,True
CASSLLWGSSYNEQFF,0.003617,0.9905961751937866,True
CASSQADRYNEKLFF,0.001808,0.3210721909999847,False
CASSLTSGDNEQFF,0.001808,0.1576746851205825,False
CAISEFAPGTSQFF,0.001808,0.0211247336119413,False
CASTGTVHTGELFF,0.001808,0.4394146800041199,False
CASSFGNRDRGVKSNSPLHF,0.001808,0.9999991655349731,True
CASSLRGRNTEAF,0.001808,0.7779232263565063,True
CASSRLGQSNQPQHF,0.001808,0.2729869782924652,False
CASSEMGRDEQYF,0.001808,0.7378435730934143,True
CASSQRGWTEAFF,0.001808,0.6989349126815796,True
CASSPLINTYEQYF,0.001808,0.9896580576896667,True
CASWGQYNEQFF,0.001808,0.0388569012284278,False
CASSYRQETQYF,0.001808,0.0958038121461868,False
CASSSMGFRDSSNEQYF,0.001808,0.3678689897060394,False
CASSSRGNLGELFF,0.001808,0.9863246083259584,True
CASSRMLSQETQYF,0.001808,0.0076776617206633,False
CASKGQGAYEQYF,0.001808,0.4810869395732879,False
CNIVGTESYEQYF,0.001808,0.9999837875366212,True
CASSLVPISGKADTQYF,0.001808,0.9605440497398376,True
CASSLSAPGSGQPQHF,0.001808,0.9462873339653016,True
CASSPISPNEQFF,0.001808,0.0590160675346851,False
CSARRVGYGYTF,0.001808,0.3851447701454162,False
CASSLSLGSAGANVLTF,0.001808,0.9307677745819092,True
CASSQVGSYGYTF,0.001808,0.6078246235847473,True
CASGDSTYEQYF,0.001808,0.987371563911438,True
CASSQGSPNTGELFF,0.001808,0.423926442861557,False
CASSPRQGGSGYTF,0.001808,0.3966915309429168,False
CASSYSGDWDSADTQYF,0.001808,0.5653797388076782,False
CASSLASGGTDTQYF,0.001808,0.2422150522470474,False
CASSESRNNSPLHF,0.001808,0.8396627902984619,True
CSVGQGSRSGELFF,0.001808,0.8806824684143066,True
CASSFYLATDLNTEAFF,0.001808,0.0407624803483486,False
CNIVGTPASYEQYF,0.001808,0.083589881658554,False
CASSGTGASTDTQYF,0.001808,0.9752349257469176,True
CASSVRGRAAFNEQFF,0.001808,0.9168522953987122,True
CASSLEGLTVVTQYF,0.001808,0.2220308482646942,False
CASSQRQLYEQYF,0.001808,0.76588374376297,True
CSARDGRRAGNYNEQFF,0.001808,0.7676470279693604,True
CASSKANQPQHF,0.001808,0.1347154974937439,False
CASSSGGFDNEQFF,0.001808,0.3538486063480377,False
CASSQRIGAPVEQYF,0.001808,0.5683902502059937,False
CASSLEGSVYGYTF,0.001808,0.0525543726980686,False
CSVEDGGDEQYF,0.001808,0.7462814450263977,True
CASSFTVNTEAFF,0.001808,0.4874069988727569,False
CSARRLAGGADTQYF,0.001808,0.4695233702659607,False
CASSSGDHGYTF,0.001808,0.404869943857193,False
CATSDSGGQGRTQYF,0.001808,0.9575789570808412,True
CASSARQGRNQPQHF,0.001808,0.5658029913902283,False
CASSSGTGDPNYGYTF,0.001808,0.0226799882948398,False
CGGDTEAFF,0.001808,0.0587852634489536,False
CASSLVDLAGAYEQFF,0.001808,0.9996515512466432,True
CSVEGRAEVMYF,0.001808,0.8203278183937073,True
CASGPLQNTEAF,0.001808,0.6433745622634888,True
CASSHRNNQPQHF,0.001808,0.9032883644104004,True
CASSLGQGAINEQFF,0.001808,0.412887692451477,False
CASSQTGEGSYEQYF,0.001808,0.9995821118354796,True
CASSPYRVGEQYF,0.001808,0.1440299451351165,False
CASSLGARGETQYF,0.001808,0.6060313582420349,True
CASSETQQNIQYF,0.001808,0.4987384974956512,False
CASSSPRKKRDNEQFF,0.001808,0.8728253841400146,True
CASSLGVYNEQFF,0.001808,0.0574942044913768,False
CASSRGRSYNEQFF,0.001808,0.0494378395378589,False
CSVEGREEVMYF,0.001808,0.159756913781166,False
CSVNGQDEKLFF,0.001808,0.2104409039020538,False
CTSSQDWGGTGRSYGYTF,0.001808,0.9938310384750366,True
CASSLRGDRDGYTF,0.001808,0.8227356672286987,True
CSVGGRRIDYGYTF,0.001808,0.1047542095184326,False
CASRKTSGGTYEQYF,0.001808,0.7037648558616638,True
CASRGFKNIQYF,0.001808,0.0195061974227428,False
CSASSPASGNTIYF,0.001808,0.4828764498233795,False
CASSYWEGSTEAFF,0.001808,0.7888603806495667,True
CASSQREKVTDTQYF,0.001808,0.6681454181671143,True
CASSHKMRTGDHEQYF,0.001808,0.8707394599914551,True
