prefix,weight_score,num_high,total_seqs
P011202_368887_T_R_HVJJLDSX3_GTGACGGAGC-TGGACCGCCA_R1,0.4593627107649579,287,618
P013302_357399_T_R_HCK5MDSX3_CCTGACCACT-ATAGCCAAGA_R1,0.44250619282735293,234,542
P004607_366471_T_R_HJLL5DSX3_CGCCATATCT-ATCTCCGGTC_R1,0.6508219444540441,34,67
P021501_381133_T_R_HWWC5DSX5_CTCTGCAGCG-TACATCCATC_R1,0.5631063467137485,66,158
P004007_340001_HFHFJDSX2_AGGCAGCTCT-ACGTTAGCCG_R1,0.2955812703615865,593,1310
P021101_378759_T_R_HMHMYDSX5_TCTATCCTAA-CCAGTCGACG_R1,0.5251881577418649,57,122
P005808_386805_T_R_HFF3MDSX7_CACTCAATTC-CACAACTTAA_R1,0.5596198706877937,38,89
02-0063_412343_T_R_22HWGCLT3_GAGGTTAGAC-AATGTATTGC_R1,0.7421352414731435,28,48
P000305_339702_HFHFJDSX2_TGCCGGTCAG-TTGTATCAGG_R1,0.4937574529425984,57,142
04-0097_420602_T_R_227CTJLT4_TGGTTCTCAT-CTCAAGGCCG_R1,0.5674594715173028,15,34
P018501_362876_T_R_HJWVCDSX3_GGTCTATTAA-CGTGTCGTGG_R1,0.6035107923678489,10,31
08-0016_406412_T_R_H3W5NDSXC_TGCAATGAAT-TTACTTCTGG_R1,0.5951134615305768,35,80
P010704_368955_T_R_HVJJLDSX3_AGGAGGTATC-TGCCAACTGG_R1,0.5937368277173078,87,175
08-0002_392661_T_R_HJ7VFDSX7_GGAGCGTGTA-ACTTACGGAT_R1,0.650001242261347,27,57
P003006_339933_HFHFJDSX2_GAACGCAATA-ACAGTAAGAT_R1,0.643426560778947,16,43
06-0135_417862_T_R_22KLKMLT3_GTAACAATCT-CTCTGTATAC_R1,0.5740928292083066,13,41
04-0070_410882_T_R_22J2HKLT3_TTACGCACCT-GCTCTCGTTG_R1,0.6846063008600022,19,33
03-0017_408470_T_R_22HM3TLT3_TATGCCTTAC-AGACACATTA_R1,0.3761787172126375,285,654
P003008_368975_T_R_HVJJLDSX3_ATGGCGCCTG-AGGCCGTGGA_R1,0.40966936212262334,210,455
P011802_368930_T_R_HVJJLDSX3_AACGAGGCCG-ATCCAGGTAT_R1,0.5482507238820122,41,95
P002308_375112_T_R_HVWF5DSX3_TACAAGACTT-TGAACACCTG_R1,0.5697479482340204,30,69
P004306_365255_T_R_HL3HTDSX3_GATAGGCCGA-GCCATGTGCG_R1,0.6620325386432976,292,650
P001407_363053_T_R_HJNNVDSX3_TGGCCTCTGT-CGCTGTCTCA_R1,0.37075033133907537,283,621
01-0079_406620_T_R_H2JTNDSXC_CTCGTAGGCA-AAGAGGATGA_R1,0.5566018244238345,32,90
P010806_359174_T_R_HJVKFDSX3_ATCCTCTCAA-GCCTTGCGGA_R1,0.511462324064752,210,464
P014801_368933_T_R_HVJJLDSX3_TACGTGAAGG-CTAATAACCG_R1,0.3063640259435387,475,1097
P001206_364075_T_R_HLFCWDSX3_ATTGAGGTCC-ATATAATCCG_R1,0.5678394643554575,34,76
P006105_383717_T_R_H3LVMDSX7_AGGATGTGCT-GGAATTGTAA_R1,0.3882949200336366,205,490
07-0007_405807_T_R_H2JTNDSXC_CAACTGCAAC-GTTGCGTTCA_R1,0.5055539515460139,104,221
P014101_368956_T_R_HVJJLDSX3_GAATACCTAT-ACTCTATTGT_R1,0.6280593413487745,36,74
01-0074_405812_T_R_H2JN2DSXC_GCCATATAAC-GATATTGTGT_R1,0.5446045564368125,51,120
P006001_339939_HFHFJDSX2_TCTAGGCGCG-TTAACCTTCG_R1,0.6022953323512421,18,49
P009304_366635_T_R_HLGLNDSX3_ATCCTCTCAA-GCCTTGCGGA_R1,0.5328660126075767,575,1322
P010806_359174_T_R_HJW55DSX3_ATCCTCTCAA-GCCTTGCGGA_R1,0.527451608528187,354,770
P014601_368895_T_R_HVJJLDSX3_CCTCCGGTTG-TGGTGTTATG_R1,0.4469606817619826,108,229
P017204_383316_T_R_H3LVMDSX7_TGGAGTACTT-TCCACACAGA_R1,0.40323872200398864,315,723
01-0051_409375_T_R_22HM3TLT3_TCAGAAGGCG-GGCCATCATA_R1,0.589934914341727,84,208
210521_A01221_0042_ML212814_P006607_MAN-20210519_TSStrmRNA_R1,0.5418375438282169,109,203
P014304_367290_T_R_HLGLKDSX3_CATAGTAAGG-GTAACTTGGT_R1,0.43382942117451134,90,213
P000808_365247_T_R_HL7JJDSX3_GAACTGAGCG-CGCTCCACGA_R1,0.5763462628209527,35,92
P013202_356800_T_R_HCK5MDSX3_AGAATTCGCC-GAGCTTGCCG_R1,0.5752431054166796,56,139
210416_A01221_0035_ML212333_P009604_MAN-20210413_TSStrmRNA_R1,0.4773270124434723,94,202
06-0091_411809_T_R_22HWGTLT3_CTGAGCCGGT-CCTTCACGTA_R1,0.5210226644559253,69,159
06-0057_405805_T_R_H2JN2DSXC_CTTCAACCAC-AGGCGCATAA_R1,0.5609058898646367,44,119
07-0007_405807_T_R_H2JN2DSXC_TGAGTACAAC-GTCCAAGCGT_R1,0.47791437813830573,123,282
P014304_367290_T_R_HL5M2DSX3_CATAGTAAGG-GTAACTTGGT_R1,0.5284633857786403,107,219
